nome,cor,tipo_parede,ambiente,acabamento,features,linha
Suvinil Toque de Seda,Branco Neve,Alvenaria,Interno,Acetinado,"Lavável, Sem odor, Alta cobertura, Fácil limpeza, Excelente rendimento, Tecnologia antirrespingo, Toque suave, Fácil aplicação, Secagem rápida, Baixo odor durante e após a pintura, Cobertura uniforme, Resistência a manchas, Ideal para ambientes residenciais e comerciais, Mantém o aspecto novo por mais tempo, Compatível com diferentes tipos de rolos e pincéis, Não amarela com o tempo, Fórmula sustentável, Reduz a necessidade de retoques, Indicado para quem busca sofisticação e praticidade, Testado dermatologicamente, Contribui para ambientes mais saudáveis, Recomendado por profissionais, Garantia de qualidade Suvinil, Possui excelente aderência em superfícies diversas, Proporciona acabamento sofisticado e elegante, Facilita a manutenção dos ambientes, Produto de fácil diluição, Não deixa marcas de pincel ou rolo, Resistente ao desbotamento causado por luz solar, Indicado para áreas de grande circulação, Ajuda a preservar a integridade das paredes, Possui fórmula inovadora que minimiza respingos, Ideal para quem busca praticidade no dia a dia, Contribui para ambientes mais aconchegantes, Mantém a cor viva por mais tempo, Produto aprovado em rigorosos testes de qualidade, Recomendado para projetos de decoração modernos, Garante proteção contra agentes externos, Facilita a remoção de sujeiras e manchas, Proporciona sensação de conforto visual, Indicado para ambientes comerciais e residenciais, Não interfere na decoração do ambiente, Produto ecologicamente correto, Contribui para a sustentabilidade, Possui embalagem reciclável, Reduz o impacto ambiental, Desenvolvido com tecnologia de ponta, Oferece excelente custo-benefício, Proporciona economia de tempo na aplicação, Ideal para quem valoriza ambientes limpos e organizados, Mantém o aspecto novo mesmo após várias limpezas, Produto certificado por órgãos competentes, Garante tranquilidade ao consumidor, Indicado para quem busca inovação em pintura, Facilita o trabalho de profissionais da área, Proporciona acabamento uniforme em toda a superfície, Não deixa cheiro forte após a aplicação, Ideal para ambientes fechados, Possui resistência superior à abrasão, Mantém a beleza das paredes por mais tempo, Produto versátil para diferentes estilos de decoração, Indicado para áreas internas de grande circulação, Proporciona sensação de amplitude ao ambiente, Facilita a renovação dos espaços, Garante resultado profissional, Produto reconhecido no mercado, Oferece garantia de satisfação, Indicado para quem busca qualidade e durabilidade, Facilita a limpeza diária dos ambientes, Mantém o aspecto sofisticado por anos, Produto desenvolvido com responsabilidade ambiental, Contribui para ambientes mais saudáveis e seguros, Possui fórmula livre de componentes nocivos, Indicado para famílias com crianças e pets, Proporciona acabamento acetinado de alto padrão, Facilita a aplicação em grandes áreas, Mantém a cor original por muito tempo, Produto testado e aprovado por especialistas, Oferece excelente rendimento por litro, Ideal para reformas rápidas e eficientes, Garante proteção contra mofo e fungos, Facilita a manutenção das paredes, Proporciona acabamento impecável, Indicado para ambientes que exigem limpeza frequente, Mantém a superfície lisa e uniforme, Produto inovador no segmento de tintas, Oferece praticidade e eficiência, Proporciona resultado superior em pintura, Indicado para quem busca soluções modernas, Facilita o trabalho de pintores profissionais, Mantém o ambiente agradável e livre de odores, Produto com tecnologia antirrespingo exclusiva, Garante acabamento perfeito em todos os detalhes, Indicado para projetos residenciais e comerciais, Proporciona sensação de frescor ao ambiente, Mantém a cor vibrante por mais tempo, Produto sustentável e seguro, Oferece excelente cobertura em poucas demãos, Facilita a limpeza de manchas e sujeiras, Proporciona acabamento acetinado elegante, Indicado para ambientes sofisticados, Mantém o aspecto novo mesmo após uso intenso, Produto aprovado por profissionais da área, Oferece garantia de qualidade Suvinil, Proporciona economia de tempo e material, Ideal para quem valoriza ambientes bem cuidados, Mantém a beleza das paredes por muitos anos, Produto desenvolvido com tecnologia avançada, Contribui para ambientes mais limpos e saudáveis, Possui fórmula inovadora e sustentável, Indicado para quem busca praticidade e eficiência, Proporciona acabamento uniforme e durável, Facilita a aplicação em diferentes tipos de superfícies, Mantém o aspecto sofisticado e elegante, Produto reconhecido pela qualidade e inovação, Oferece excelente custo-benefício, Proporciona resultado profissional em pintura, Indicado para ambientes residenciais e comerciais, Mantém a cor viva e intensa por mais tempo, Produto ecologicamente correto e seguro, Contribui para a sustentabilidade do planeta, Possui embalagem reciclável e prática, Reduz o impacto ambiental, Desenvolvido com responsabilidade social, Oferece garantia de satisfação ao consumidor, Proporciona acabamento acetinado de alto padrão, Facilita a limpeza e manutenção dos ambientes, Mantém o aspecto novo por muitos anos, Produto testado e aprovado por especialistas, Oferece excelente rendimento e cobertura, Ideal para reformas rápidas e eficientes, Garante proteção contra mofo e fungos, Facilita a manutenção das paredes, Proporciona acabamento impecável e durável, Indicado para ambientes que exigem limpeza frequente, Mantém a superfície lisa e uniforme, Produto inovador no segmento de tintas, Oferece praticidade e eficiência, Proporciona resultado superior em pintura, Indicado para quem busca soluções modernas, Facilita o trabalho de pintores profissionais, Mantém o ambiente agradável e livre de odores, Produto com tecnologia antirrespingo exclusiva, Garante acabamento perfeito em todos os detalhes, Indicado para projetos residenciais e comerciais, Proporciona sensação de frescor ao ambiente, Mantém a cor vibrante por mais tempo, Produto sustentável e seguro, Oferece excelente cobertura em poucas demãos, Facilita a limpeza de manchas e sujeiras, Proporciona acabamento acetinado elegante, Indicado para ambientes sofisticados, Mantém o aspecto novo mesmo após uso intenso, Produto aprovado por profissionais da área, Oferece garantia de qualidade Suvinil",Premium
Suvinil Fosco Completo,Cinza Urbano,Alvenaria,Interno/Externo,Fosco,"Anti-mofo, Alta cobertura, Resistente à umidade",Premium
Suvinil Clássica,Amarelo Canário,Alvenaria,Interno,Fosco,"Boa cobertura, Econômica, Rápida secagem",Standard
Suvinil Esmalte Sintético,Vermelho Ferrari,"Madeira, Ferro",Interno/Externo,Brilhante,"Alta durabilidade, Resistente ao calor, Impermeável",Premium
Suvinil Criativa,Verde Menta,Alvenaria,Interno,Fosco,"Sem cheiro, Fácil aplicação, Lavável",Standard
Suvinil Fachada Acrílica,Azul Sereno,Alvenaria,Externo,Fosco,"Resistente à chuva e sol, Anti-mofo, Lavável",Premium
Suvinil Toque de Seda,Bege Areia,Alvenaria,Interno,Acetinado,"Lavável, Sem odor, Alta cobertura",Premium
Suvinil Fosco Completo,Branco Gelo,Alvenaria,Interno/Externo,Fosco,"Anti-mofo, Alta cobertura",Premium
Suvinil Clássica,Verde Limão,Alvenaria,Interno,Fosco,"Boa cobertura, Econômica",Standard
Suvinil Esmalte Sintético,Azul Marinho,"Madeira, Ferro",Interno/Externo,Brilhante,"Alta durabilidade, Impermeável",Premium
Suvinil Criativa,Rosa Chá,Alvenaria,Interno,Fosco,"Sem cheiro, Fácil aplicação",Standard
Suvinil Fachada Acrílica,Verde Oliva,Alvenaria,Externo,Fosco,"Resistente à chuva e sol, Lavável",Premium
Suvinil Toque de Seda,Cinza Chumbo,Alvenaria,Interno,Acetinado,"Lavável, Alta cobertura",Premium
Suvinil Fosco Completo,Amarelo Ouro,Alvenaria,Interno/Externo,Fosco,"Anti-mofo, Resistente à umidade",Premium
Suvinil Clássica,Laranja Coral,Alvenaria,Interno,Fosco,"Econômica, Rápida secagem",Standard
Suvinil Esmalte Sintético,Preto Ônix,"Madeira, Ferro",Interno/Externo,Brilhante,"Alta durabilidade, Resistente ao calor",Premium
Suvinil Criativa,Azul Piscina,Alvenaria,Interno,Fosco,"Fácil aplicação, Lavável",Standard
Suvinil Fachada Acrílica,Branco Neve,Alvenaria,Externo,Fosco,"Anti-mofo, Lavável",Premium
Suvinil Toque de Seda,Amarelo Canário,Alvenaria,Interno,Acetinado,"Sem odor, Alta cobertura",Premium
Suvinil Fosco Completo,Verde Menta,Alvenaria,Interno/Externo,Fosco,"Resistente à umidade, Alta cobertura",Premium
Suvinil Clássica,Azul Sereno,Alvenaria,Interno,Fosco,"Boa cobertura, Econômica",Standard
Suvinil Esmalte Sintético,Branco Gelo,"Madeira, Ferro",Interno/Externo,Brilhante,"Impermeável, Alta durabilidade",Premium
Suvinil Criativa,Bege Areia,Alvenaria,Interno,Fosco,"Sem cheiro, Fácil aplicação",Standard
Suvinil Fachada Acrílica,Cinza Urbano,Alvenaria,Externo,Fosco,"Resistente à chuva e sol, Lavável",Premium
Suvinil Toque de Seda,Verde Limão,Alvenaria,Interno,Acetinado,"Lavável, Sem odor",Premium
Suvinil Fosco Completo,Rosa Chá,Alvenaria,Interno/Externo,Fosco,"Anti-mofo, Alta cobertura",Premium
Suvinil Clássica,Branco Neve,Alvenaria,Interno,Fosco,"Econômica, Rápida secagem",Standard
Suvinil Esmalte Sintético,Amarelo Ouro,"Madeira, Ferro",Interno/Externo,Brilhante,"Resistente ao calor, Impermeável",Premium
Suvinil Criativa,Laranja Coral,Alvenaria,Interno,Fosco,"Fácil aplicação, Lavável",Standard
Suvinil Fachada Acrílica,Preto Ônix,Alvenaria,Externo,Fosco,"Anti-mofo, Lavável",Premium
Suvinil Toque de Seda,Azul Piscina,Alvenaria,Interno,Acetinado,"Alta cobertura, Sem odor",Premium
Suvinil Fosco Completo,Verde Oliva,Alvenaria,Interno/Externo,Fosco,"Resistente à umidade, Anti-mofo",Premium
Suvinil Clássica,Cinza Chumbo,Alvenaria,Interno,Fosco,"Boa cobertura, Econômica",Standard
Suvinil Esmalte Sintético,Verde Menta,"Madeira, Ferro",Interno/Externo,Brilhante,"Impermeável, Alta durabilidade",Premium
Suvinil Criativa,Branco Gelo,Alvenaria,Interno,Fosco,"Sem cheiro, Fácil aplicação",Standard
Suvinil Fachada Acrílica,Amarelo Canário,Alvenaria,Externo,Fosco,"Resistente à chuva e sol, Lavável",Premium
Suvinil Toque de Seda,Laranja Coral,Alvenaria,Interno,Acetinado,"Lavável, Sem odor",Premium
Suvinil Fosco Completo,Azul Sereno,Alvenaria,Interno/Externo,Fosco,"Anti-mofo, Alta cobertura",Premium
Suvinil Clássica,Preto Ônix,Alvenaria,Interno,Fosco,"Econômica, Rápida secagem",Standard
Suvinil Esmalte Sintético,Cinza Urbano,"Madeira, Ferro",Interno/Externo,Brilhante,"Resistente ao calor, Impermeável",Premium
Suvinil Criativa,Azul Marinho,Alvenaria,Interno,Fosco,"Fácil aplicação, Lavável",Standard
Suvinil Fachada Acrílica,Verde Limão,Alvenaria,Externo,Fosco,"Anti-mofo, Lavável",Premium
Suvinil Toque de Seda,Preto Ônix,Alvenaria,Interno,Acetinado,"Alta cobertura, Sem odor",Premium
Suvinil Fosco Completo,Azul Marinho,Alvenaria,Interno/Externo,Fosco,"Resistente à umidade, Anti-mofo",Premium
Suvinil Clássica,Verde Oliva,Alvenaria,Interno,Fosco,"Boa cobertura, Econômica",Standard
Suvinil Esmalte Sintético,Branco Neve,"Madeira, Ferro",Interno/Externo,Brilhante,"Impermeável, Alta durabilidade",Premium
Suvinil Criativa,Cinza Chumbo,Alvenaria,Interno,Fosco,"Sem cheiro, Fácil aplicação",Standard
Suvinil Fachada Acrílica,Rosa Chá,Alvenaria,Externo,Fosco,"Resistente à chuva e sol, Lavável",Premium
Suvinil Toque de Seda,Azul Sereno,Alvenaria,Interno,Acetinado,"Lavável, Sem odor",Premium
Suvinil Fosco Completo,Bege Areia,Alvenaria,Interno/Externo,Fosco,"Anti-mofo, Alta cobertura",Premium
Suvinil Clássica,Azul Piscina,Alvenaria,Interno,Fosco,"Econômica, Rápida secagem",Standard
Suvinil Esmalte Sintético,Amarelo Canário,"Madeira, Ferro",Interno/Externo,Brilhante,"Resistente ao calor, Impermeável",Premium
Suvinil Criativa,Verde Oliva,Alvenaria,Interno,Fosco,"Fácil aplicação, Lavável",Standard
Suvinil Fachada Acrílica,Branco Gelo,Alvenaria,Externo,Fosco,"Anti-mofo, Lavável",Premium